{"position":{"x":11.61723663900426,"y":5.21336909836115,"z":2.3222697313026255},"rotation":{"_x":-1.1877572152468632,"_y":1.0828750411043593,"_z":1.1428216220256506,"_order":"XYZ"}}